
[
  {
    "mrn": "11111",
    "name": "Jhone smith",
    "dob": "1992-06-07",
    "sheduleDateTime": "01/15/2021 13:10",
    "gender": "male",
    "weight": "53kg",
    "height": "160 cm",
    "allergy": "Drug allergy",
    "eyes": {
      "noProblem": true,
      "medicalProblem": true,
      "surgary": true
    },
    "enst": {
      "noProblem": true,
      "medicalProblem": false,
      "surgary": true
    },
    "tp": {
      "noProblem": true,
      "medicalProblem": true,
      "surgary": false
    },
    "heart": {
      "noProblem": true,
      "medicalProblem": false,
      "surgary": false
    },
    "coar": {
      "noProblem": false,
      "medicalProblem": true,
      "surgary": true
    },
    "Arte": {
      "noProblem": true,
      "medicalProblem": true,
      "surgary": true
    }
  },
  {
    "mrn": "22222",
    "name": "Sara Cohen",
    "dob": "11/13/1991",
    "sheduleDateTime": "01/16/2021 13:10",
    "gender": "female",
    "weight": "46kg",
    "height": "163 cm",
    "allergy": "Perfume allergy",
    "eyes": {
      "noProblem": true,
      "medicalProblem": true,
      "surgary": true
    },
    "enst": {
      "noProblem": true,
      "medicalProblem": false,
      "surgary": false
    },
    "tp": {
      "noProblem": false,
      "medicalProblem": true,
      "surgary": false
    },
    "heart": {
      "noProblem": false,
      "medicalProblem": true,
      "surgary": true
    },
    "coar": {
      "noProblem": true,
      "medicalProblem": false,
      "surgary": true
    },
    "Arte": {
      "noProblem": true,
      "medicalProblem": true,
      "surgary": true
    }

  },
  {
    "mrn": "33333",
    "name": "Mike Thai",
    "dob": "07/14/2000",
    "sheduleDateTime": "01/15/2021 15:10",
    "gender": "male",
    "weight": "53kg",
    "height": "160 cm",
    "allergy": "Dust allergy",
    "eyes": {
      "noProblem": false,
      "medicalProblem": true,
      "surgary": false
    },
    "enst": {
      "noProblem": true,
      "medicalProblem": false,
      "surgary": true
    },
    "tp": {
      "noProblem": false,
      "medicalProblem": false,
      "surgary": true
    },
    "heart": {
      "noProblem": true,
      "medicalProblem": true,
      "surgary": true
    },
    "coar": {
      "noProblem": true,
      "medicalProblem": false,
      "surgary": true
    },
    "Arte": {
      "noProblem": true,
      "medicalProblem": true,
      "surgary": false
    }

  },
  {
    "mrn": "44444",
    "name": "Mercy",
    "dob": "07/14/2010",
    "sheduleDateTime": "01/15/2021 15:10",
    "gender": "female",
    "weight": "90kg",
    "height": "160 cm",
    "allergy": "Dust allergy",
    "eyes": {
      "noProblem": false,
      "medicalProblem": true,
      "surgary": false
    },
    "enst": {
      "noProblem": true,
      "medicalProblem": false,
      "surgary": true
    },
    "tp": {
      "noProblem": false,
      "medicalProblem": false,
      "surgary": true
    },
    "heart": {
      "noProblem": true,
      "medicalProblem": true,
      "surgary": true
    },
    "coar": {
      "noProblem": true,
      "medicalProblem": false,
      "surgary": true
    },
    "Arte": {
      "noProblem": true,
      "medicalProblem": true,
      "surgary": false
    }

  },
  {
    "mrn": "55555",
    "name": "lexon",
    "dob": "07/14/1998",
    "sheduleDateTime": "01/15/2021 15:10",
    "gender": "male",
    "weight": "91kg",
    "height": "154 cm",
    "allergy": "Dust allergy",
    "eyes": {
      "noProblem": false,
      "medicalProblem": true,
      "surgary": false
    },
    "enst": {
      "noProblem": true,
      "medicalProblem": false,
      "surgary": true
    },
    "tp": {
      "noProblem": false,
      "medicalProblem": false,
      "surgary": true
    },
    "heart": {
      "noProblem": true,
      "medicalProblem": true,
      "surgary": true
    },
    "coar": {
      "noProblem": true,
      "medicalProblem": false,
      "surgary": true
    },
    "Arte": {
      "noProblem": true,
      "medicalProblem": true,
      "surgary": false
    }

  },
  {
    "mrn": "66666",
    "name": "David",
    "dob": "07/14/2001",
    "sheduleDateTime": "01/15/2021 15:10",
    "gender": "female",
    "weight": "45kg",
    "height": "121 cm",
    "allergy": "Dust allergy",
    "eyes": {
      "noProblem": false,
      "medicalProblem": true,
      "surgary": false
    },
    "enst": {
      "noProblem": false,
      "medicalProblem": true,
      "surgary": false
    },
    "tp": {
      "noProblem": true,
      "medicalProblem": true,
      "surgary": false
    },
    "heart": {
      "noProblem": false,
      "medicalProblem": true,
      "surgary": true
    },
    "coar": {
      "noProblem": true,
      "medicalProblem": true,
      "surgary": false
    },
    "Arte": {
      "noProblem": false,
      "medicalProblem": true,
      "surgary": false
    }

  }  ]
